Symbol,Name,Last,Change,%Chg,High,Low,Volume,Time
A,"Agilent Technologies",79.29,1.09,+1.39%,79.56,78.58,1303100,05/03/19
AAL,"American Airlines Gp",34.79,0.84,+2.47%,34.9,34.15,5181500,05/03/19
AAP,"Advance Auto Parts Inc",163.27,-3.51,-2.10%,167.39,163.19,760100,05/03/19
AAPL,"Apple Inc",211.75,2.6,+1.24%,211.84,210.23,20892299,05/03/19
ABBV,"Abbvie Inc",78.71,0.24,+0.31%,78.8,78.25,4527300,05/03/19
ABC,"Amerisourcebergen Corp",79.14,2.08,+2.70%,79.59,77.64,2090500,05/03/19
ABMD,"Abiomed Inc",271.75,6.98,+2.64%,273.35,265.5,1075900,05/03/19
ABT,"Abbott Laboratories",78.69,-0.09,-0.11%,79.13,78.26,5452700,05/03/19
ACN,"Accenture Plc",176.98,-2.41,-1.34%,177.96,176.52,2680100,05/03/19
ADBE,"Adobe Systems Inc",285.58,5.94,+2.12%,286.35,282.39,1979900,05/03/19
ADI,"Analog Devices",116.95,-0.01,-0.01%,117.96,115.93,2476200,05/03/19
ADM,"Archer Daniels Midland Company",43.67,0.13,+0.30%,43.76,43.06,3140100,05/03/19
ADP,"Automatic Data Procs",160.19,1.77,+1.12%,160.63,158.51,1431500,05/03/19
ADS,"Alliance Data Systems Corp",156.56,1.94,+1.25%,156.9,154.87,445000,05/03/19
ADSK,"Autodesk Inc",176.7,3.34,+1.93%,176.88,174.06,959600,05/03/19
AEE,"Ameren Corp",72.95,0.61,+0.84%,73.08,72.46,687800,05/03/19
AEP,"American Electric Power Company",85.43,0.73,+0.86%,85.51,84.63,1323200,05/03/19
AES,"The Aes Corp",16.93,-0.12,-0.70%,17.25,16.93,7534300,05/03/19
AFL,"Aflac Incorporated",50.49,0.24,+0.48%,50.69,50.26,2249600,05/03/19
AGN,"Allergan Plc",145.81,1.56,+1.08%,146.46,143.59,1534500,05/03/19
AIG,"American International Group",47.11,0.31,+0.66%,47.37,46.74,6361300,05/03/19
AIV,"Apartment Investment and Management",50.05,0.99,+2.02%,50.1,48.98,1996900,05/03/19
AIZ,"Assurant Inc",94.58,0.16,+0.17%,95,93.94,330500,05/03/19
AJG,"Arthur J. Gallagher & CO",83.13,0.24,+0.29%,83.46,82.48,586200,05/03/19
AKAM,"Akamai Technologies",80.03,-0.24,-0.30%,80.88,79.47,1029900,05/03/19
ALB,"Albemarle Corp",77.05,0.96,+1.26%,77.4,76.31,1515700,05/03/19
ALGN,"Align Technology I",331.08,5.2,+1.60%,333.17,327.27,885600,05/03/19
ALK,"Alaska Air Group",62.48,0.14,+0.22%,63.26,62.35,702500,05/03/19
ALL,"Allstate Corp",98.58,0.29,+0.30%,99,97.14,2028500,05/03/19
ALLE,"Allegion Plc",102.19,3.27,+3.31%,102.39,99.61,675200,05/03/19
ALXN,"Alexion Pharm Inc",136.69,3.56,+2.67%,136.83,133.46,1042100,05/03/19
AMAT,"Applied Materials",43.96,0.26,+0.59%,44.15,43.61,7375600,05/03/19
AMD,"Adv Micro Devices",28.22,-0.07,-0.25%,28.42,27.66,55503000,05/03/19
AME,"Amtek Inc",87.35,0.33,+0.38%,87.72,87.1,1048700,05/03/19
AMG,"Affiliated Managers Group",110.82,2.83,+2.62%,111.11,107.82,488600,05/03/19
AMGN,"Amgen Inc",177.31,0.81,+0.46%,177.77,176.47,2944400,05/03/19
AMP,"Ameriprise Financial Services",147.85,0.48,+0.33%,149.24,146.95,701600,05/03/19
AMT,"American Tower Corp",192.95,0.15,+0.08%,194.53,192.27,1059100,05/03/19
AMZN,"Amazon.com Inc",1962.46,61.64,+3.24%,1964.4,1936,6381500,05/03/19
ANET,"Arista Networks Inc",278.41,-32.44,-10.44%,278.44,251,5828600,05/03/19
ANSS,"Ansys Inc",192.49,1.11,+0.58%,197.05,191.65,683000,05/03/19
ANTM,"Anthem Inc",261.7,0.11,+0.04%,263.34,257.14,1231600,05/03/19
AON,"AON Plc",178.75,2.27,+1.29%,179.37,177.02,866700,05/03/19
AOS,"Smith [A.O.] Corp",53.64,1.12,+2.13%,53.72,52.77,775500,05/03/19
APA,"Apache Corp",30.59,0.81,+2.72%,31.22,29.98,4709500,05/03/19
APC,"Anadarko Petroleum Corp",72.72,1.18,+1.65%,73,71.91,11040100,05/03/19
APD,"Air Products and Chemicals",209.58,1.93,+0.93%,209.86,207.09,1268000,05/03/19
APH,"Amphenol Corp",100.01,0.87,+0.88%,100.28,99.59,1138300,05/03/19
APTV,"Aptiv Plc",80.18,0.4,+0.50%,80.65,78.82,1471300,05/03/19
ARE,"Alexandria Real Estate Equities",142.3,1.38,+0.98%,143.04,140.63,532500,05/03/19
ARNC,"Arconic Inc",22.41,0.5,+2.28%,22.44,21.77,4554700,05/03/19
ATO,"Atmos Energy Corp",102.94,0.86,+0.84%,103.13,101.81,459100,05/03/19
ATVI,"Activision Blizzard",47.15,-2.4,-4.84%,48.67,46.16,25671000,05/03/19
AVB,"Avalonbay Communities",202.16,0.72,+0.36%,202.34,200.05,317200,05/03/19
AVGO,"Broadcom Ltd",315.71,-0.11,-0.03%,316.65,310.69,1921300,05/03/19
AVY,"Avery Dennison Corp",111.42,1.81,+1.65%,111.57,110.18,292200,05/03/19
AWK,"American Water Works",107.38,0.7,+0.66%,107.59,106.48,609800,05/03/19
AXP,"American Express Company",119.35,2.1,+1.79%,119.65,117.63,2856100,05/03/19
AZO,Autozone,1033.38,-4.93,-0.47%,1048.94,1026.01,253800,05/03/19
BA,"Boeing Company",376.46,0.66,+0.18%,377.9,374.22,2953800,05/03/19
BAC,"Bank of America Corp",30.71,0.21,+0.69%,30.8,30.5,35256000,05/03/19
BAX,"Baxter International Inc",77.3,1.01,+1.32%,77.57,76.63,2539200,05/03/19
BBT,"BB&T Corp",50.97,0.43,+0.85%,51.12,50.63,3775700,05/03/19
BBY,"Best Buy CO",75.03,-0.15,-0.20%,75.53,74.58,2031000,05/03/19
BDX,"Becton Dickinson and Company",237.89,1.22,+0.52%,238.1,235.91,925300,05/03/19
BEN,"Franklin Resources",34.65,0.34,+0.99%,34.74,34.12,2253900,05/03/19
BF.B,"Brown Forman Inc Cl B",53,1.02,+1.96%,53.5,52.37,702300,05/03/19
BHGE,"Baker Hughes A Ge Co. Cl A",24.13,0.61,+2.59%,24.28,23.76,4917100,05/03/19
BIIB,"Biogen Inc",231.18,0.66,+0.29%,234.11,230.55,2382300,05/03/19
BK,"Bank of New York Mellon Corp",49.97,0.14,+0.28%,50.28,49.8,4360900,05/03/19
BKNG,"Booking Holdings Inc",1824.07,16.07,+0.89%,1829.96,1814.25,496000,05/03/19
BLK,Blackrock,482.5,6.09,+1.28%,482.9,476.41,403200,05/03/19
BLL,"Ball Corp",61.54,1.54,+2.57%,61.76,60.09,2416400,05/03/19
BMY,"Bristol-Myers Squibb Company",48.62,1.74,+3.71%,48.8,47.27,24355100,05/03/19
BR,"Broadridge Financial Solutions Llc",117.77,0.77,+0.66%,117.93,117.08,685100,05/03/19
BRK.B,"Berkshire Hath Hld Cl B",218.6,2.67,+1.24%,219.16,216.87,3382500,05/03/19
BSX,"Boston Scientific Corp",37.2,0.31,+0.84%,37.3,36.84,7869300,05/03/19
BWA,"Borgwarner Inc",41.29,0.45,+1.10%,41.37,40.74,789700,05/03/19
BXP,"Boston Properties",134.73,-0.51,-0.38%,136.1,134.24,713300,05/03/19
C,"Citigroup Inc",70.67,0.31,+0.44%,70.98,70,11486600,05/03/19
CAG,"Conagra Brands Inc",30.01,0.06,+0.20%,30.18,29.82,2142800,05/03/19
CAH,"Cardinal Health",49.56,0.82,+1.68%,49.89,48.81,3512100,05/03/19
CAT,"Caterpillar Inc",139.06,3.89,+2.88%,139.2,135.8,4154800,05/03/19
CB,"Chubb Ltd",145.05,0.72,+0.50%,145.76,143.97,1196900,05/03/19
CBOE,"CBOE Global Markets Inc",100.98,1.08,+1.08%,102.32,100.46,708000,05/03/19
CBRE,"CBRE Group Inc",51.81,0.38,+0.74%,51.89,51.49,963900,05/03/19
CBS,"CBS Corp",49.73,-0.69,-1.37%,50.81,48.92,3983400,05/03/19
CCI,"Crown Castle International Corp",124.79,0.76,+0.61%,125.22,124.19,772300,05/03/19
CCL,"Carnival Corp",55.18,0.85,+1.56%,55.3,54.21,3826900,05/03/19
CDNS,"Cadence Design Sys",70.27,0.82,+1.18%,70.49,68.75,2233900,05/03/19
CE,"Celanese Corp",108.77,2.56,+2.41%,108.95,106.75,1335300,05/03/19
CELG,"Celgene Corp",96.88,1.67,+1.75%,97.07,95.42,6036600,05/03/19
CERN,"Cerner Corp",68.47,0.46,+0.68%,69.34,68.13,2167800,05/03/19
CF,"Cf Industries Holdings",44.22,0.76,+1.75%,44.33,43.26,1467400,05/03/19
CFG,"Citizens Financial Group Inc/Ri",36.8,0.55,+1.52%,36.89,36.33,4094700,05/03/19
CHD,"Church & Dwight Company",74.34,-0.32,-0.43%,74.48,73.4,928800,05/03/19
CHRW,"C.H. Robinson Ww",83.9,0.48,+0.58%,84.97,83.16,1673500,05/03/19
CHTR,"Charter Communicatio",377.68,7.27,+1.96%,377.93,369.61,917100,05/03/19
CI,"Cigna Corp",152.83,-5.39,-3.41%,158.74,149.81,5762400,05/03/19
CINF,"Cincinnati Financial",96.07,0.12,+0.13%,96.37,95.33,474500,05/03/19
CL,"Colgate-Palmolive Company",71.95,0.13,+0.18%,72.06,71.58,2436700,05/03/19
CLX,"Clorox Company",148.18,-0.56,-0.38%,148.98,147.5,1169600,05/03/19
CMA,"Comerica Inc",78.14,-0.05,-0.06%,78.9,78.03,1506300,05/03/19
CMCSA,"Comcast Corp A",43.29,0.64,+1.50%,43.51,42.74,12751000,05/03/19
CME,"CME Group Inc",173.91,1.11,+0.64%,174.3,172.31,1872600,05/03/19
CMG,"Chipotle Mexican Grill",709.52,1.65,+0.23%,710.93,703.42,436300,05/03/19
CMI,"Cummins Inc",169.19,3.02,+1.82%,169.28,166.18,1296600,05/03/19
CMS,"Cms Energy Corp",55.26,0.68,+1.25%,55.38,54.57,1459300,05/03/19
CNC,"Centene Corp",52.59,0.97,+1.88%,52.83,50.72,9997800,05/03/19
CNP,"Centerpoint Energy Inc",31.15,0.4,+1.30%,31.16,30.81,2679300,05/03/19
COF,"Capital One Financial Corp",94.26,1.34,+1.44%,94.3,93.12,1694400,05/03/19
COG,"Cabot Oil & Gas Corp",25.37,0.26,+1.04%,25.63,25.07,5706000,05/03/19
COO,"Cooper Companies",293.91,3.1,+1.07%,294.58,290.54,266500,05/03/19
COP,Conocophillips,62.01,0.72,+1.17%,62.88,61.51,6883800,05/03/19
COST,"Costco Wholesale",244.62,1.93,+0.80%,244.88,242.72,905800,05/03/19
COTY,"Coty Inc",11.48,0.64,+5.90%,12.72,10.89,40882402,05/03/19
CPB,"Campbell Soup Company",38.27,0.36,+0.95%,38.33,37.65,1134400,05/03/19
CPRI,"Capri Holdings Ltd",44.07,0.42,+0.96%,44.24,43.34,1417300,05/03/19
CPRT,"Copart Inc",67.11,0.37,+0.55%,67.23,66.75,801800,05/03/19
CRM,"Salesforce.com Inc",163.34,1.51,+0.93%,163.5,160.86,3131400,05/03/19
CSCO,"Cisco Systems Inc",54.94,0,0.00%,54.99,54.18,26887100,05/03/19
CSX,"CSX Corp",80.52,1.61,+2.04%,80.73,79.13,2464000,05/03/19
CTAS,"Cintas Corp",222.93,3.15,+1.43%,223.14,218.42,456400,05/03/19
CTL,Centurylink,11.68,0.26,+2.28%,11.72,11.43,7848000,05/03/19
CTSH,"Cognizant Tech Sol",59.25,-7.36,-11.05%,61.5,57.7,40551000,05/03/19
CTXS,"Citrix Systems Inc",99.15,-0.1,-0.10%,99.89,98.66,1248700,05/03/19
CVS,"CVS Corp",56.66,-0.07,-0.12%,57.34,56.03,11035500,05/03/19
CVX,"Chevron Corp",117.27,0.89,+0.76%,118.54,117.11,7365200,05/03/19
CXO,"Concho Resources Inc",109.49,4.63,+4.42%,110.63,105.74,2595800,05/03/19
D,"Dominion Resources",76.79,-0.19,-0.25%,77.03,75.59,3126300,05/03/19
DAL,"Delta Air Lines Inc",57.8,0.14,+0.24%,58.13,57.52,4673000,05/03/19
DE,"Deere & Company",166.91,2.79,+1.70%,167.23,164.45,1050800,05/03/19
DFS,"Discover Financial Services",82.27,1.13,+1.39%,82.45,81.48,1569500,05/03/19
DG,"Dollar General Corp",124.7,0.07,+0.06%,125.59,124.55,938600,05/03/19
DGX,"Quest Diagnostics Inc",98.79,0.63,+0.64%,99.09,97.87,1018900,05/03/19
DHI,"D.R. Horton",44.13,-0.25,-0.56%,44.79,44.08,3625600,05/03/19
DHR,"Danaher Corp",134.58,1.07,+0.80%,134.67,133.22,2315000,05/03/19
DIS,"Walt Disney Company",134.33,0.19,+0.14%,135.31,133.78,8874400,05/03/19
DISCA,"Discovery Comm A",29.34,0.08,+0.27%,29.71,29.03,5192700,05/03/19
DISCK,"Discovery Comm Inc",27.77,0.12,+0.43%,28.06,27.39,2585000,05/03/19
DISH,"Dish Network Corp",35.08,1.48,+4.40%,35.69,33.25,4159200,05/03/19
DLR,"Digital Realty Trust",120.7,1.9,+1.60%,121.01,119.17,1192300,05/03/19
DLTR,"Dollar Tree Inc",108.82,-0.63,-0.58%,110.18,108.36,1529600,05/03/19
DOV,"Dover Corp",99.37,1.49,+1.52%,99.46,98.34,974200,05/03/19
DOW,"Dow Inc.",53.3,0.6,+1.14%,53.35,51.72,7401800,05/03/19
DRE,"Duke Realty Corp",31.38,0.22,+0.71%,31.41,31.08,1025600,05/03/19
DRI,"Darden Restaurants",117.68,-0.13,-0.11%,118.44,117.05,945500,05/03/19
DTE,"Dte Energy Company",125.22,1.1,+0.89%,125.41,124.14,560300,05/03/19
DUK,"Duke Energy Corp",90.16,0.35,+0.39%,90.45,89.82,2988500,05/03/19
DVA,"Davita Healthcare Partners Inc",56.99,0.48,+0.85%,57.25,56.55,1570200,05/03/19
DVN,"Devon Energy Corp",31.26,0.34,+1.10%,31.45,30.6,9279000,05/03/19
DWDP,"Dowdupont Inc",34.89,0.22,+0.63%,35.25,34.37,14819000,05/03/19
DXC,"Dxc Technology Company",63.01,-1.5,-2.33%,64.5,62.58,1679200,05/03/19
EA,"Electronic Arts Inc",92.5,-1.9,-2.01%,93.88,90.7,6385800,05/03/19
EBAY,"Ebay Inc",38.28,0.69,+1.84%,38.3,37.86,8774899,05/03/19
ECL,"Ecolab Inc",185,0.68,+0.37%,185.39,183.88,777600,05/03/19
ED,"Consolidated Edison Company of New York",86.03,0.87,+1.02%,86.5,85.59,1720900,05/03/19
EFX,"Equifax Inc",124.17,0.87,+0.71%,124.93,123.73,714000,05/03/19
EIX,"Edison International",60.59,0.89,+1.49%,61.76,60.08,1385700,05/03/19
EL,"Estee Lauder Companies",174.43,4.18,+2.46%,174.63,169.75,1314300,05/03/19
EMN,"Eastman Chemical Company",79.55,1.92,+2.47%,79.61,78.08,1222900,05/03/19
EMR,"Emerson Electric Company",71.1,1,+1.43%,71.19,70.5,2516200,05/03/19
EOG,"Eog Resources",90.9,1.73,+1.94%,93.62,89.72,6354700,05/03/19
EQIX,"Equinix Inc",476.99,11.98,+2.58%,476.99,464.4,420200,05/03/19
EQR,"Equity Residential",76.59,0.19,+0.25%,76.77,75.85,1862200,05/03/19
ES,"Eversource Energy",72.08,0.56,+0.78%,72.11,71.36,896500,05/03/19
ESS,"Essex Property Trust",284.34,1.28,+0.45%,285.02,281.69,220100,05/03/19
ETFC,"E*Trade Finl Corp",50.6,0.14,+0.28%,51.02,50.48,1082200,05/03/19
ETN,"Eaton Corp",82.8,1.38,+1.69%,82.82,81.79,1982100,05/03/19
ETR,"Entergy Corp",96.63,0.41,+0.43%,97.08,96.21,1056400,05/03/19
EVRG,"Evergy Inc",57.6,0.06,+0.10%,57.73,57.37,1131100,05/03/19
EW,"Edwards Lifesciences Corp",181.51,2.85,+1.60%,182.49,179.85,996700,05/03/19
EXC,"Exelon Corp",49.88,0.15,+0.30%,50.05,49.59,4596900,05/03/19
EXPD,"Expeditors Intl",79.16,0.94,+1.20%,79.23,78.42,703800,05/03/19
EXPE,"Expedia Group Inc",127.1,-1.13,-0.88%,127.18,123,3869900,05/03/19
EXR,"Extra Space Storage Inc",106.28,-0.18,-0.17%,107.18,105.72,624200,05/03/19
F,"Ford Motor Company",10.41,0.07,+0.68%,10.45,10.3,36291199,05/03/19
FANG,"Diamondback Energy",100.47,1.35,+1.36%,101.49,99.7,1697800,05/03/19
FAST,"Fastenal Company",70.87,1.02,+1.46%,70.99,69.91,2696100,05/03/19
FB,"Facebook Inc",195.47,2.94,+1.53%,196.16,193.71,14575399,05/03/19
FBHS,"Fortune Brands Home & Security",55.58,1.75,+3.25%,55.67,54,1975800,05/03/19
FCX,"Freeport-Mcmoran Inc",11.95,0.44,+3.82%,12.01,11.61,23411699,05/03/19
FDX,"Fedex Corp",188.06,1.02,+0.55%,190.58,187.75,1229100,05/03/19
FE,"Firstenergy Corp",42.5,0.53,+1.26%,42.53,42,3956200,05/03/19
FFIV,"F5 Networks Inc",154.37,2.05,+1.35%,155.17,152.2,585800,05/03/19
FIS,"Fidelity National Information Services",117.76,-0.04,-0.03%,117.99,116.65,2907200,05/03/19
FISV,"Fiserv Inc",86.74,1.28,+1.50%,86.97,85.44,3254800,05/03/19
FITB,"Fifth Third Bncp",28.98,0.15,+0.52%,29.18,28.86,5559700,05/03/19
FL,"Footlocker Inc",55.27,-0.55,-0.99%,56,55.01,2346100,05/03/19
FLIR,"Flir Systems Inc",52.81,0.76,+1.46%,52.96,52.14,669900,05/03/19
FLR,"Fluor Corp",29.32,-0.4,-1.35%,30.12,28.1,8534500,05/03/19
FLS,"Flowserve Corp",52,4.44,+9.34%,54.16,50.87,3969700,05/03/19
FLT,"Fleetcor Technologies",257.75,0.91,+0.35%,258.98,256.93,255100,05/03/19
FMC,"FMC Corp",77.55,0.88,+1.15%,77.84,76.96,894800,05/03/19
FOX,"Fox Corp Cl B",37.02,0.18,+0.49%,37.26,36.64,1229600,05/03/19
FOXA,"Fox Corp Cl A",37.47,0.19,+0.51%,37.75,37.12,4809700,05/03/19
FRC,"First Republic Bank",105.52,1.5,+1.44%,105.77,104.49,1512300,05/03/19
FRT,"Federal Realty Investment Trust",132.96,-1.13,-0.84%,135,132.17,444800,05/03/19
FTI,"Technipfmc Plc",23.5,0.05,+0.21%,23.95,23.5,3078500,05/03/19
FTNT,"Fortinet Inc",85.96,-5.55,-6.06%,86.68,82.8,4383200,05/03/19
FTV,"Fortive Corp",86.57,0.74,+0.86%,86.66,85.93,684100,05/03/19
GD,"General Dynamics Corp",176.69,2.12,+1.21%,176.79,175.08,1354400,05/03/19
GE,"General Electric Company",10.5,0.25,+2.44%,10.5,10.24,68815500,05/03/19
GILD,"Gilead Sciences Inc",67.13,1.83,+2.80%,67.74,65.9,8822400,05/03/19
GIS,"General Mills",51.18,-0.08,-0.16%,51.5,51.1,2407900,05/03/19
GLW,"Corning Inc",31.99,0.41,+1.30%,32.1,31.65,4433800,05/03/19
GM,"General Motors Company",38.8,0.55,+1.44%,38.9,38.17,7200900,05/03/19
GOOG,"Alphabet Class C",1185.4,22.79,+1.96%,1186.8,1169,1980600,05/03/19
GOOGL,"Alphabet Cl A",1189.55,23.04,+1.98%,1191.4,1173.55,2079300,05/03/19
GPC,"Genuine Parts Company",102.12,0.12,+0.12%,102.82,101.22,1268700,05/03/19
GPN,"Global Payments Inc",145.9,1.57,+1.09%,146.48,144.38,807700,05/03/19
GPS,"Gap Inc",25.98,0.1,+0.39%,26.18,25.84,6736700,05/03/19
GRMN,"Garmin Ltd",79.55,0.79,+1.00%,79.63,78.47,949800,05/03/19
GS,"Goldman Sachs Group",207.52,2.53,+1.23%,208.75,205.67,1897600,05/03/19
GWW,"W.W. Grainger",283.55,4.6,+1.65%,284.41,280.59,556200,05/03/19
HAL,"Halliburton Company",27.77,0.03,+0.11%,28.18,27.62,8127600,05/03/19
HAS,"Hasbro Inc",104.75,1.2,+1.16%,105,102.34,1177300,05/03/19
HBAN,"Huntington Bcshs",14.09,0.15,+1.08%,14.1,13.94,8329800,05/03/19
HBI,"Hanesbrands Inc",17.82,0.59,+3.42%,17.93,17.15,9776199,05/03/19
HCA,"Hca Holdings Inc",125.61,0.09,+0.07%,126.44,124.35,1580600,05/03/19
HCP,"HCP Inc",30.69,0.15,+0.49%,30.74,30.14,2671900,05/03/19
HD,"Home Depot",200.56,-0.45,-0.22%,202.31,200.32,3583800,05/03/19
HES,"Hess Corp",63.23,1.3,+2.10%,63.76,62.06,2662800,05/03/19
HFC,"Hollyfrontier Corp",46.74,0.55,+1.19%,47.3,46.43,2310200,05/03/19
HIG,"Hartford Financial Services Group",52.72,0.58,+1.11%,52.87,52.12,1877900,05/03/19
HII,"Huntington Ingalls Industries",212.03,4.4,+2.12%,213.08,207.07,421600,05/03/19
HLT,"Hilton Inc",93.33,2.1,+2.30%,93.46,91.43,2559000,05/03/19
HOG,"Harley-Davidson Inc",37.21,0.14,+0.38%,37.5,36.78,805600,05/03/19
HOLX,"Hologic Inc",46.72,0.37,+0.80%,47.05,46.46,1409300,05/03/19
HON,"Honeywell International Inc",173.54,2.16,+1.26%,173.64,171.4,4128700,05/03/19
HP,"Helmerich & Payne",57.55,0.86,+1.52%,57.93,57.09,945400,05/03/19
HPE,"Hewlett Packard Enterprise Comp",15.93,0.19,+1.21%,15.96,15.77,5139200,05/03/19
HPQ,"Hewlett-Packard Company",20.29,0.25,+1.25%,20.35,20.09,6821200,05/03/19
HRB,"H&R Block",26.65,-0.06,-0.22%,26.88,26.62,1973100,05/03/19
HRL,"Hormel Foods Corp",39.68,-0.02,-0.05%,40.03,39.59,1828200,05/03/19
HRS,"Harris Corp",177.89,0.11,+0.06%,180.12,176.87,1401700,05/03/19
HSIC,"Henry Schein Inc",63.23,0.46,+0.73%,63.65,62.59,1916400,05/03/19
HST,"Host Marriott Financial Trust",19.88,0.28,+1.43%,19.91,19.6,6314500,05/03/19
HSY,"Hershey Foods Corp",121.83,-0.71,-0.58%,122.99,121.23,1128200,05/03/19
HUM,"Humana Inc",249.5,2.12,+0.86%,250.95,246.05,1361400,05/03/19
IBM,"International Business Machines",140.25,0.66,+0.47%,141,139.63,2580000,05/03/19
ICE,"Intercontinental Exchange",79.69,-0.03,-0.04%,80.46,79.5,2630200,05/03/19
IDXX,"Idexx Laboratories",250.47,8.13,+3.35%,251.38,242.42,852600,05/03/19
IFF,"International Flavors & Fragrances",139.91,1.26,+0.91%,140.67,138.46,1239600,05/03/19
ILMN,"Illumina Inc",325.52,12.83,+4.10%,325.95,314.64,1192700,05/03/19
INCY,"Incyte Corp",83.06,2.12,+2.62%,83.15,79.64,1744700,05/03/19
INFO,"IHS Markit Ltd",57,0.44,+0.78%,57.24,56.78,818600,05/03/19
INTC,"Intel Corp",51.75,1.2,+2.37%,51.82,50.73,25656600,05/03/19
INTU,"Intuit Inc",248.86,2.91,+1.18%,250.18,246.04,1202900,05/03/19
IP,"International Paper Company",47.1,0.76,+1.64%,47.47,46.44,2556100,05/03/19
IPG,"Interpublic Group of Companies",23.09,0.22,+0.96%,23.46,23.01,3288300,05/03/19
IPGP,"Ipg Photonics Corp",171.49,1.7,+1.00%,172,168.91,579300,05/03/19
IQV,"Iqvia Holdings Inc",138.84,2.7,+1.98%,139.12,136.36,1597500,05/03/19
IR,"Ingersoll-Rand Plc [Ireland]",124.69,1.42,+1.15%,125.26,123.86,1473700,05/03/19
IRM,"Iron Mountain Inc",31.6,0.06,+0.19%,31.77,31.48,3066800,05/03/19
ISRG,"Intuitive Surg Inc",507.94,5.83,+1.16%,509.3,504.33,462400,05/03/19
IT,"Gartner Inc",159.98,2.02,+1.28%,160.81,158.51,273400,05/03/19
ITW,"Illinois Tool Works Inc",157.41,2.81,+1.82%,157.61,155.39,669700,05/03/19
IVZ,"Invesco Plc",21.92,0.72,+3.40%,21.93,21.22,4119700,05/03/19
JBHT,"J B Hunt Transport",95.96,1.48,+1.57%,96.24,94.67,1043300,05/03/19
JCI,"Johnson Controls Intl",39.58,0.6,+1.54%,39.61,39.07,3700400,05/03/19
JEC,"Jacobs Engineering Group Inc",77.01,0.27,+0.35%,77.87,76.95,1365100,05/03/19
JEF,"Jefferies Financial Group Inc",20.65,0.2,+0.98%,20.74,20.45,1240800,05/03/19
JKHY,"Jack Henry & Assoc",137.58,-1.23,-0.89%,139.49,136.75,568600,05/03/19
JNJ,"Johnson & Johnson",142.01,0.73,+0.52%,142.09,141.08,5281600,05/03/19
JNPR,"Juniper Networks",27.65,-0.22,-0.79%,27.92,27.55,3050400,05/03/19
JPM,"JP Morgan Chase & CO",116.12,0.71,+0.62%,116.68,115.67,8185400,05/03/19
JWN,Nordstrom,40.29,-0.18,-0.44%,40.69,40,2412500,05/03/19
K,"Kellogg Company",56.47,-0.91,-1.59%,57.41,56.4,3026200,05/03/19
KEY,Keycorp,17.72,0.11,+0.62%,17.84,17.58,10898500,05/03/19
KEYS,"Keysight Technologies Inc Comm",88.18,0.83,+0.95%,88.22,87.25,908600,05/03/19
KHC,"Kraft Heinz CO",32.58,0.4,+1.24%,32.66,32.03,6995800,05/03/19
KIM,"Kimco Realty Corp",18.2,0.21,+1.17%,18.31,17.89,3666300,05/03/19
KLAC,"K L A-Tencor Corp",128.47,0.3,+0.23%,129.03,127.6,1257700,05/03/19
KMB,"Kimberly-Clark Corp",127.5,0.24,+0.19%,127.71,126.92,1073900,05/03/19
KMI,"Kinder Morgan",19.53,0.17,+0.88%,19.69,19.46,11857700,05/03/19
KMX,"Carmax Inc",78.62,0.38,+0.49%,78.79,77.59,905800,05/03/19
KO,"Coca-Cola Company",48.72,0.33,+0.68%,48.96,48.52,7076900,05/03/19
KR,"Kroger Company",25.74,-0.04,-0.16%,25.87,25.54,4367800,05/03/19
KSS,"Kohl's Corp",69.19,-0.95,-1.35%,70.66,69.12,2625700,05/03/19
KSU,"Kansas City Southern",125.25,1.61,+1.30%,125.57,123.61,616900,05/03/19
L,"Loews Corp",50.84,0.6,+1.19%,51.02,50.23,1135300,05/03/19
LB,"L Brands Inc",25.92,0.45,+1.77%,26.21,25.54,3231100,05/03/19
LEG,"Leggett & Platt Inc",40.32,0.55,+1.38%,40.42,39.82,936900,05/03/19
LEN,"Lennar Corp",52.23,-0.13,-0.25%,52.82,51.81,2136600,05/03/19
LH,"Laboratory Corp of America Holdings",164.95,-0.68,-0.41%,167.93,162.41,1381400,05/03/19
LIN,"Linde Plc",180.96,0.47,+0.26%,181.47,179.24,1248800,05/03/19
LKQ,"LKQ Corp",28.79,-0.26,-0.90%,29.32,28.6,3693400,05/03/19
LLL,"L-3 Communications Holdings",230.09,0.23,+0.10%,232.99,228.66,927400,05/03/19
LLY,"Eli Lilly and Company",116.91,-1.55,-1.31%,118.44,116.54,5695400,05/03/19
LMT,"Lockheed Martin Corp",334.07,1.52,+0.46%,335.64,331.2,806700,05/03/19
LNC,"Lincoln National Corp",67.15,0.79,+1.19%,67.52,66.13,1363800,05/03/19
LNT,"Alliant Energy Corp",47.22,0.54,+1.16%,47.5,46.6,1270700,05/03/19
LOW,"Lowe's Companies",112.36,0.25,+0.22%,113.13,112.15,2575200,05/03/19
LRCX,"Lam Research Corp",207.78,0.94,+0.45%,208.81,206.17,1257700,05/03/19
LUV,"Southwest Airlines Company",53.62,0.25,+0.47%,53.93,53.28,2502000,05/03/19
LW,"Lamb Weston Holdings Inc",67.1,0.73,+1.10%,67.16,65.46,2289700,05/03/19
LYB,"Lyondellbasell Industries NV",87.02,1.06,+1.23%,87.2,86.1,1249900,05/03/19
M,"Macy's Inc",23.24,-0.19,-0.81%,23.62,23.22,5575000,05/03/19
MA,"Mastercard Inc",247.95,0.76,+0.31%,249.85,247.46,3194100,05/03/19
MAA,"Mid-America Apartment Communities",109.85,0.28,+0.26%,110.46,108.93,402300,05/03/19
MAC,"Macerich Company",41.82,0.6,+1.46%,41.95,40.83,977900,05/03/19
MAR,"Marriot Int Cl A",140.14,3.25,+2.37%,140.28,137.28,1076900,05/03/19
MAS,"Masco Corp",40.44,0.7,+1.76%,40.49,39.85,2493900,05/03/19
MAT,"Mattel Inc",11.99,-0.14,-1.15%,12.26,11.8,5479700,05/03/19
MCD,"McDonald's Corp",197.52,2.91,+1.50%,197.97,194.75,2915200,05/03/19
MCHP,"Microchip Technology",100.75,0.63,+0.63%,100.85,99.52,1377100,05/03/19
MCK,"Mckesson Corp",123.48,0.85,+0.69%,125.34,122.49,1759200,05/03/19
MCO,"Moody's Corp",196.44,3.67,+1.90%,196.55,193.09,526100,05/03/19
MDLZ,"Mondelez Intl Cmn A",51.76,0.28,+0.54%,51.8,51.44,4419100,05/03/19
MDT,"Medtronic Inc",89.58,0.44,+0.49%,89.86,89.13,3705100,05/03/19
MET,"Metlife Inc",48,0.59,+1.24%,48.29,47.34,6225200,05/03/19
MGM,"MGM Resorts International",25.99,0.32,+1.25%,26.02,25.54,7548300,05/03/19
MHK,"Mohawk Industries",139.09,3.26,+2.40%,139.44,136.11,413700,05/03/19
MKC,"Mccormick & Company Inc",152.16,-0.67,-0.44%,153.28,151.95,449700,05/03/19
MLM,"Martin Marietta Materials",221.44,-1.5,-0.67%,225.01,220.3,419400,05/03/19
MMC,"Marsh & Mclennan Companies",93.88,0.74,+0.79%,93.89,93.08,1513800,05/03/19
MMM,"3M Company",185.22,0.47,+0.25%,186.68,184.09,4747700,05/03/19
MNST,"Monster Beverage Cp",63.11,5.12,+8.83%,64.11,61.26,9902600,05/03/19
MO,"Altria Group",53.76,0.6,+1.13%,53.91,53.2,5138100,05/03/19
MOS,"Mosaic Company",25.62,0.37,+1.47%,25.71,25.2,3412500,05/03/19
MPC,"Marathon Petroleum Corp",59.96,1.27,+2.16%,60.18,59.22,5626600,05/03/19
MRK,"Merck & Company",80,0.48,+0.60%,80.14,79.25,7578700,05/03/19
MRO,"Marathon Oil Corp",15.68,0.16,+1.03%,15.91,15.5,15721800,05/03/19
MS,"Morgan Stanley",48.06,0.25,+0.52%,48.49,47.82,5829700,05/03/19
MSCI,"MSCI Inc",226.93,5.64,+2.55%,227.41,220.59,520400,05/03/19
MSFT,"Microsoft Corp",128.9,2.69,+2.13%,129.43,127.25,24911100,05/03/19
MSI,"Motorola Solutions",143.62,1.27,+0.89%,148.43,140.65,1563900,05/03/19
MTB,"M&T Bank Corp",170.36,0.96,+0.57%,170.96,169.27,473400,05/03/19
MTD,"Mettler-Toledo International",762.43,9.23,+1.23%,762.9,750.71,92300,05/03/19
MU,"Micron Technology",43.33,0.77,+1.81%,43.38,42.41,16577000,05/03/19
MXIM,"Maxim Integrated",60.55,0.16,+0.26%,60.73,59.78,1292800,05/03/19
MYL,"Mylan NV Ord Shs",28.01,0.33,+1.19%,28.15,27.7,4864700,05/03/19
NBL,"Noble Energy Inc",24.93,-0.55,-2.16%,25.8,24.76,9871399,05/03/19
NCLH,"Norwegian Cruise Ord",58.25,1.35,+2.37%,58.43,57.02,2403000,05/03/19
NDAQ,"Nasdaq Inc",92.12,-0.14,-0.15%,92.95,92.03,420700,05/03/19
NEE,"Nextera Energy",192.41,0.69,+0.36%,192.63,190.81,1673600,05/03/19
NEM,"Newmont Mining Corp",30.22,0.12,+0.40%,30.64,30.18,7044100,05/03/19
NFLX,"Netflix Inc",385.03,5.97,+1.57%,385.03,378.27,5130300,05/03/19
NI,"NiSource Inc",27.86,0.28,+1.02%,28.01,27.52,2807900,05/03/19
NKE,"Nike Inc",85.7,0.43,+0.50%,86.3,85.69,6798200,05/03/19
NKTR,"Nektar Therapeutics",32.22,0.08,+0.25%,32.55,31.98,1038400,05/03/19
NLSN,"Nielsen Holdings Plc",24.75,0.3,+1.23%,24.75,24.37,2737600,05/03/19
NOC,"Northrop Grumman Corp",292.04,2.11,+0.73%,292.24,290.33,974700,05/03/19
NOV,National-Oilwell,25.41,0.46,+1.84%,25.62,25.13,4287300,05/03/19
NRG,"NRG Energy",39.44,-0.13,-0.33%,40,38.86,3541100,05/03/19
NSC,"Norfolk Southern Corp",205.06,3.93,+1.95%,205.42,201.83,772200,05/03/19
NTAP,"Netapp Inc",72.16,0.48,+0.67%,72.37,71.64,1487000,05/03/19
NTRS,"Northern Trust Corp",99.48,1.01,+1.03%,99.82,98.49,723900,05/03/19
NUE,"Nucor Corp",57.65,1.75,+3.13%,57.92,56.38,2104700,05/03/19
NVDA,"Nvidia Corp",183.01,-0.18,-0.10%,183.93,180.53,8420500,05/03/19
NWL,"Newell Rubbermaid Inc",16.63,1.98,+13.52%,16.7,15.5,19595000,05/03/19
NWS,"News Cp Cl B Cmn ST",12.43,0.06,+0.49%,12.49,12.39,1212900,05/03/19
NWSA,"News Cp Cl A Cmn ST",12.34,0.08,+0.65%,12.37,12.29,1208700,05/03/19
O,"Realty Income Corp",70.3,0.07,+0.10%,70.71,70.15,1158500,05/03/19
OKE,"Oneok Inc",66.89,0.04,+0.06%,67.58,66.86,2088100,05/03/19
OMC,"Omnicom Group Inc",80.04,0.88,+1.11%,80.57,79.19,1683900,05/03/19
ORCL,"Oracle Corp",54.79,0.19,+0.35%,55.02,54.67,11066400,05/03/19
ORLY,"O'Reilly Automotive",375.79,-5.24,-1.38%,383.11,375.48,672100,05/03/19
OXY,"Occidental Petroleum Corp",57.95,0.6,+1.05%,58.6,57.69,10790001,05/03/19
PAYX,"Paychex Inc",84.61,1.83,+2.21%,84.82,83.07,1610900,05/03/19
PBCT,"People's United Finl",17.6,0.19,+1.09%,17.62,17.4,2259300,05/03/19
PCAR,"Paccar Inc",71.38,1.19,+1.70%,71.5,70.41,1733200,05/03/19
PEG,"Public Service Enterprise Group Inc",59.24,0,0.00%,59.79,59.08,2137800,05/03/19
PEP,"Pepsico Inc",127.67,0.84,+0.66%,128.18,126.92,2854900,05/03/19
PFE,"Pfizer Inc",41.39,0.38,+0.93%,41.49,41.03,17708500,05/03/19
PFG,"Principal Financial Group Inc",57.58,1.04,+1.84%,57.61,56.76,960900,05/03/19
PG,"Procter & Gamble Company",106.08,0.52,+0.49%,106.41,105.58,4793400,05/03/19
PGR,"Progressive Corp",74.43,-1.13,-1.50%,76,73.94,4016000,05/03/19
PH,"Parker-Hannifin Corp",179.85,3.77,+2.14%,180.14,176.21,829100,05/03/19
PHM,Pultegroup,31.78,0.08,+0.25%,31.88,31.26,2803300,05/03/19
PKG,"Packaging Corp of America",100.6,1.66,+1.68%,101.02,99.53,448600,05/03/19
PKI,Perkinelmer,96.59,1.71,+1.80%,96.64,95.38,692800,05/03/19
PLD,"Prologis Inc",76.77,0.44,+0.58%,76.97,76.25,1767000,05/03/19
PM,"Philip Morris International Inc",85.7,0.78,+0.92%,85.94,84.92,2738800,05/03/19
PNC,"PNC Bank",137.1,1.16,+0.85%,137.47,135.7,1055200,05/03/19
PNR,"Pentair Ltd",39.48,0.49,+1.26%,39.5,39,1168100,05/03/19
PNW,"Pinnacle West Capital Corp",94.12,1.05,+1.13%,94.3,93.2,670900,05/03/19
PPG,"PPG Industries",117.63,0.87,+0.75%,117.8,116.68,686500,05/03/19
PPL,"PPL Corp",31.22,0.48,+1.56%,31.24,30.72,3584400,05/03/19
PRGO,"Perrigo Company",49.71,0.63,+1.28%,50.11,49.08,818600,05/03/19
PRU,"Prudential Financial Inflation Retail",103.13,1.29,+1.27%,103.85,101.77,2007500,05/03/19
PSA,"Public Storage",226.75,-0.11,-0.05%,228.41,225.51,462100,05/03/19
PSX,"Phillips 66",89.56,0.46,+0.52%,90.57,89.53,2811100,05/03/19
PVH,"Phillips-Van Heusen Corp",127.18,-0.67,-0.52%,128.63,126.4,682300,05/03/19
PWR,"Quanta Services",38.78,-0.97,-2.44%,40.07,38.22,1923500,05/03/19
PXD,"Pioneer Natural Resources CO",156.09,2.62,+1.71%,157.78,154.14,1425400,05/03/19
PYPL,"Paypal Holdings",111.96,2.26,+2.06%,112.12,110.25,4660900,05/03/19
QCOM,"Qualcomm Inc",89.29,2.15,+2.47%,89.82,87.06,21068400,05/03/19
QRVO,"Qorvo Inc",75.18,-1.57,-2.05%,76.75,75.01,1472700,05/03/19
RCL,"Royal Caribbean Cruises Ltd",130.89,5.12,+4.07%,131.04,126.73,2134000,05/03/19
RE,"Everest Re Group",238.66,1.87,+0.79%,238.96,236.33,294800,05/03/19
REG,"Regency Centers Corp",66.8,-0.16,-0.24%,67.8,65.84,1079500,05/03/19
REGN,"Regeneron Pharmaceutical",336.89,1.48,+0.44%,339.71,334.67,848300,05/03/19
RF,"Regions Financial Corp",15.58,0.15,+0.97%,15.65,15.4,9322899,05/03/19
RHI,"Robert Half International Inc",61.57,0.25,+0.41%,61.85,60.43,1224800,05/03/19
RHT,"Red Hat Inc",182.59,0.18,+0.10%,182.69,182.37,1731700,05/03/19
RJF,"Raymond James Financial",91.09,1.16,+1.29%,91.18,90.12,532800,05/03/19
RL,"Ralph Lauren Corp",131.29,-0.6,-0.45%,132.76,130.87,565300,05/03/19
RMD,"Resmed Inc",112.68,6.94,+6.56%,114.9,110.23,1332300,05/03/19
ROK,"Rockwell Automation Inc",178.77,2.9,+1.65%,178.97,175.98,723900,05/03/19
ROL,"Rollins Inc",37.86,0.34,+0.91%,38.23,37.28,1601200,05/03/19
ROP,"Roper Industries",360.19,2.57,+0.72%,360.93,358.27,221000,05/03/19
ROST,"Ross Stores Inc",97.13,0.77,+0.80%,97.24,96.34,1314000,05/03/19
RSG,"Republic Services",83.26,1.07,+1.30%,83.26,82.2,1163900,05/03/19
RTN,"Raytheon Company",179.3,2.26,+1.28%,179.67,177.88,1133500,05/03/19
SBAC,"SBA Communications",206.92,2.73,+1.34%,207.28,204.37,528900,05/03/19
SBUX,"Starbucks Corp",78.05,0.58,+0.75%,78.4,77.34,4967900,05/03/19
SCHW,"The Charles Schwab Corp",46.24,0.36,+0.78%,46.54,45.91,4086100,05/03/19
SEE,"Sealed Air Corp",45.03,0.51,+1.15%,45.5,44.48,1370700,05/03/19
SHW,"Sherwin-Williams Company",455.91,3.24,+0.72%,457.2,451.02,366400,05/03/19
SIVB,"Svb Financial Grp",258.61,3.19,+1.25%,259.95,256.01,363100,05/03/19
SJM,"J.M. Smucker Company",123.54,0.61,+0.50%,123.58,122.48,387200,05/03/19
SLB,"Schlumberger N.V.",41.28,0.16,+0.39%,41.81,41.11,7184800,05/03/19
SLG,"SL Green Realty Corp",86.65,-0.11,-0.13%,87.51,86.17,451400,05/03/19
SNA,"Snap-On Inc",171.46,2.06,+1.22%,172.43,169.28,543900,05/03/19
SNPS,"Synopsys Inc",121.65,0.95,+0.79%,122.36,120.5,662000,05/03/19
SO,"Southern Company",53.24,0.49,+0.93%,53.37,52.76,3490700,05/03/19
SPG,"Simon Property Group",179.41,1.61,+0.91%,180.06,176.59,1069900,05/03/19
SPGI,"S&P Global Inc",217.88,0.71,+0.33%,218.61,215.42,1128900,05/03/19
SRE,"Sempra Energy",127.45,1.48,+1.17%,127.59,126.08,869400,05/03/19
STI,"Suntrust Banks",65.35,0.62,+0.96%,65.41,64.84,2101600,05/03/19
STT,"State Street Corp",67.21,0.7,+1.05%,67.46,66.69,1699000,05/03/19
STX,"Seagate Tech Ord Shs",49.6,1.21,+2.50%,49.65,48.49,2545800,05/03/19
STZ,"Constellation Brands Inc",211.4,2.28,+1.09%,212.06,209.79,1114000,05/03/19
SWK,"Stanley Black & Decker Inc",153.08,3.11,+2.07%,153.26,150.54,856800,05/03/19
SWKS,"Skyworks Solutions",87.6,-3.19,-3.51%,89.95,84.04,5988600,05/03/19
SYF,"Synchrony Financial",34.34,0.19,+0.56%,34.44,34.03,2621300,05/03/19
SYK,"Stryker Corp",190.71,1.86,+0.98%,191.15,188.9,878700,05/03/19
SYMC,"Symantec Corp",23.55,0.2,+0.86%,23.83,23.4,5055600,05/03/19
SYY,"Sysco Corp",70.52,-0.31,-0.44%,71.17,70.39,3076500,05/03/19
T,"AT&T Inc",30.7,0.08,+0.26%,30.79,30.57,28225600,05/03/19
TAP,"Molson Coors Brewing Company",61.37,1.45,+2.42%,61.44,60.3,1707900,05/03/19
TDG,"Transdigm Group Inc",478.35,-0.24,-0.05%,480.98,473.72,183300,05/03/19
TEL,"Te Connectivity Ltd",95.65,1.14,+1.21%,95.75,94.89,1126700,05/03/19
TFX,"Teleflex Inc",300.36,2.33,+0.78%,300.73,294.7,399700,05/03/19
TGT,"Target Corp",75.94,-0.48,-0.63%,77,75.32,5774700,05/03/19
TIF,"Tiffany & CO",109.55,1.65,+1.53%,109.75,108.1,1204200,05/03/19
TJX,"TJX Companies",54.03,-0.42,-0.77%,54.88,54,4916800,05/03/19
TMK,"Torchmark Corp",87.9,0.4,+0.46%,88.32,87.47,284200,05/03/19
TMO,"Thermo Fisher Scientific Inc",278.64,0.83,+0.30%,280.01,277.74,1254100,05/03/19
TPR,"Tapestry Inc",31.2,-0.19,-0.61%,31.88,31.1,6443000,05/03/19
TRIP,"Tripadvisor Inc",55.08,2.64,+5.03%,55.2,53.25,2551900,05/03/19
TROW,"T Rowe Price Group",106.86,1.6,+1.52%,106.92,105.62,537000,05/03/19
TRV,"The Travelers Companies Inc",143.35,0.65,+0.46%,144.22,142.28,1109100,05/03/19
TSCO,"Tractor Supply CO",103.87,0.84,+0.82%,104.76,102.98,1573100,05/03/19
TSN,"Tyson Foods",75.09,-0.03,-0.04%,75.7,74.64,3075100,05/03/19
TSS,"Total System Services",102.08,0.48,+0.47%,102.51,101.75,1011600,05/03/19
TTWO,"Take-Two Interacti",101.62,1.94,+1.95%,102.38,98.44,1913800,05/03/19
TWTR,"Twitter Inc",40.8,0.85,+2.13%,40.82,39.96,15577100,05/03/19
TXN,"Texas Instruments",117.47,0.01,+0.01%,117.97,116.11,3689000,05/03/19
TXT,"Textron Inc",53.3,0.81,+1.54%,53.35,52.57,1116200,05/03/19
UA,"Under Armour Inc Class C Comm",20.24,-0.15,-0.74%,20.47,19.9,2665200,05/03/19
UAA,"Under Armour",22.74,-0.08,-0.35%,23.01,22.31,6157800,05/03/19
UAL,"United Continental Holdings",88.5,0.19,+0.22%,89.06,88.27,1164900,05/03/19
UDR,"United Dominion Realty Trust",44.47,0.21,+0.47%,44.67,44.13,802700,05/03/19
UHS,"Universal Health Services",123,-1,-0.81%,124.95,122.63,1101100,05/03/19
ULTA,"Ulta Beauty Inc",341.96,-1.72,-0.50%,346.12,339.98,728500,05/03/19
UNH,"Unitedhealth Group Inc",231.95,-0.5,-0.22%,233.9,227.18,4323100,05/03/19
UNM,"Unumprovident Corp",36.81,0.28,+0.77%,36.94,36.51,1337600,05/03/19
UNP,"Union Pacific Corp",179.2,3.31,+1.88%,180.02,177.54,2729400,05/03/19
UPS,"United Parcel Service",106.65,1.14,+1.08%,106.95,105.32,3107500,05/03/19
URI,"United Rentals",140.24,3.24,+2.36%,141.25,137.49,1015300,05/03/19
USB,"U.S. Bancorp",53.48,0.3,+0.56%,53.78,53.2,4205500,05/03/19
UTX,"United Technologies Corp",141.63,1.83,+1.31%,141.69,139.96,2840300,05/03/19
V,"Visa Inc",162.04,0.92,+0.57%,162.74,161.18,4317800,05/03/19
VAR,"Varian Medical Systems",139.13,1.32,+0.96%,139.87,138.02,380700,05/03/19
VFC,"V.F. Corp",95.37,1.48,+1.58%,95.42,94.28,1650300,05/03/19
VIAB,"Viacom Inc Cl B",28.6,-0.31,-1.07%,29.04,27.85,4326100,05/03/19
VLO,"Valero Energy Corp",88.44,0.19,+0.22%,89.66,88.25,2994400,05/03/19
VMC,"Vulcan Materials Company",128.5,-0.7,-0.54%,130,127.42,987000,05/03/19
VNO,"Vornado Realty Trust",67.29,-0.67,-0.99%,67.82,66.81,1388100,05/03/19
VRSK,"Verisk Analytics Inc",143.21,2.86,+2.04%,143.27,140.83,514000,05/03/19
VRSN,"Verisign Inc",196.95,1.97,+1.01%,197.44,195.11,415100,05/03/19
VRTX,"Vertex Pharmaceutic",173.87,4.33,+2.55%,174.19,169.46,971700,05/03/19
VTR,"Ventas Inc",62.48,0.95,+1.54%,62.58,61.47,1767900,05/03/19
VZ,"Verizon Communications Inc",57.24,0.25,+0.44%,57.36,56.87,9388199,05/03/19
WAB,"Wabtec Corp",75.12,0.14,+0.19%,75.88,74.69,4985700,05/03/19
WAT,"Waters Corp",218.08,2,+0.93%,220.68,216.4,455100,05/03/19
WBA,"Walgreens Boots Alliance",54.08,0.29,+0.54%,54.33,53.84,5516900,05/03/19
WCG,"Wellcare Group",261.5,1.83,+0.70%,262.17,256.78,1131800,05/03/19
WDC,"Western Digital Cp",50.8,1.04,+2.09%,50.94,49.68,3813300,05/03/19
WEC,"Wisconsin Energy Corp",78.31,0.7,+0.90%,78.43,77.58,879800,05/03/19
WELL,"Welltower Inc",76.45,1.1,+1.46%,76.57,75.3,1049100,05/03/19
WFC,"Wells Fargo & Company",48.65,0.35,+0.72%,48.77,48.35,16571500,05/03/19
WHR,"Whirlpool Corp",142.46,0.15,+0.11%,143.73,142.04,561600,05/03/19
WLTW,"Willis Towers Wts",179.77,1.27,+0.71%,180.85,178.29,473900,05/03/19
WM,"Waste Management",106.4,0.23,+0.22%,106.62,105.82,1677300,05/03/19
WMB,"Williams Companies",27.59,0.13,+0.47%,27.97,27.59,7141900,05/03/19
WMT,"Wal-Mart Stores",102.08,0.93,+0.92%,102.75,101.8,5317200,05/03/19
WRK,"Westrock Company",39.29,0.77,+2.00%,39.49,38.85,2089800,05/03/19
WU,"Western Union Company",19.3,0.03,+0.16%,19.44,19.11,3430200,05/03/19
WY,"Weyerhaeuser Company",26.78,0.32,+1.21%,26.9,26.49,2848400,05/03/19
WYNN,"Wynn Resorts Ltd",147.36,1.8,+1.24%,148,145.56,1101100,05/03/19
XEC,"Cimarex Energy CO",66.83,1.43,+2.19%,67.21,65.99,1205100,05/03/19
XEL,"XCEL Energy Inc",56.58,0.66,+1.18%,56.65,55.82,1636100,05/03/19
XLNX,"Xilinx Inc",119.02,0.12,+0.10%,119.88,117.89,3255700,05/03/19
XOM,"Exxon Mobil Corp",77.47,0.18,+0.23%,78.21,77.44,12180700,05/03/19
XRAY,"Dentsply Sirona Inc",55.05,3.55,+6.89%,55.88,53.3,4408600,05/03/19
XRX,"Xerox Corp",32.95,0,0.00%,33.31,32.78,2361700,05/03/19
XYL,"Xylem Inc",82.29,2.75,+3.46%,82.36,80.23,1156200,05/03/19
YUM,"Yum! Brands",102.72,0.98,+0.96%,103.48,102.04,1719200,05/03/19
ZBH,"Zimmer Biomet Holdings",124.31,1.1,+0.89%,125.18,123.42,851500,05/03/19
ZION,"Zions Bancorporation",50.05,0.57,+1.15%,50.19,49.65,1698200,05/03/19
ZTS,"Zoetis Inc Cl A",103.75,0.6,+0.58%,103.97,102,1965100,05/03/19
"Downloaded from Barchart.com as of 05-04-2019 02:33am CDT"
